uporabnisko_ime,geslo,ime,priimek 
vtrebbett0,H6GhxT,Veronika,Trebbett
atees1,u40YbmESGzw,Arabele,Tees
rchattington2,zD0y08JCxy,Ruperto,Chattington
cjellicorse3,TELHA2P71N2G,Clemence,Jellicorse
gparamore4,5pSEdJ,Gabriele,Paramore
cbezemer5,n0Koy40Q,Chelsea,Bezemer
cbyer6,t2fDdwVVAR,Carline,Byer
cmar7,pSviEVN,Carce,Mar
thulland8,ucQYkgcG5r4j,Tamar,Hulland
fbolstridge9,4FDIcMeS9no,Faulkner,Bolstridge
tfeethama,QaCHkwdmSYOB,Thomasin,Feetham
cyashaevb,94YAEw,Corbin,Yashaev
rgantleyc,1EEWEqvrh,Randa,Gantley
dbryentond,vwjr4p6Q,Dave,Bryenton
wmakepeacee,v9zG20TX,Woodie,Makepeace
lruprichf,as7IHliC,Lynde,Ruprich
apoynorg,FvZU2F,Anne-marie,Poynor
isanbrokeh,1XuDRbM8,Ilyse,Sanbroke
nceapleni,L0X5LFu6Kb,Nettie,Ceaplen
ssibbitj,gnpWGFoLD,Sarge,Sibbit
vtremethackk,gslrRuUI,Vinny,Tremethack
rmackennyl,zsRw72Ep,Ralina,MacKenny
dmacguirem,K19WrOg,Dianna,Macguire
rhurdn,9UGfUV4py,Reinhold,Hurd
lroddao,eOInrCmVdR,Lane,Rodda
cgolledgep,CEUEhG0kd9xC,Carmon,Golledge
hollerq,oE5QqFIP,Hephzibah,Oller
delksr,0Gy8BRHRy5vi,Darwin,Elks
mhartins,6CF4Gv,Matteo,Hartin
alivingstonet,rvAUnfmPZ1t,Andriette,Livingstone
rranaghanu,YlZUL7zitMk,Rodrique,Ranaghan
cfanthamv,3paQoUnXL,Ches,Fantham
esunnexw,BZaqx1,Edin,Sunnex
omcelreax,wCZ0ANnOY3u,Ogdan,McElrea
bhulstromy,x7L0tfNMU,Boothe,Hulstrom
mmacalessz,ZVn4vP7D,Megan,MacAless
nschiementz10,19mHYrdw0,Nessa,Schiementz
nloseby11,vf2qLA6o6,Normie,Loseby
gkeppy12,7mvfijLk8L,Gran,Keppy
bpiddletown13,zlr1QNnr,Baryram,Piddletown
cseleway14,C3xQwppk5H,Carena,Seleway
rizaac15,lm34sgPJN,Reagan,Izaac
mcudbertson16,cSpSLl,Maura,Cudbertson
nstathers17,9eIZnuz3L,Nada,Stathers
wguiel18,6XDBeq5U6yIg,Waite,Guiel
mscamadine19,6kRvNKamx,Marchelle,Scamadine
akegg1a,mV7CgEEWt,Alvin,Kegg
tnorthern1b,Ws2ws9dY8KlZ,Tammara,Northern
anorvel1c,AhfjbiPG0,Adel,Norvel
fphilipsson1d,qaMgYZWY4tyT,Farrel,Philipsson
mbeck1e,67T9yDKm32D,Myrlene,Beck
nmetherell1f,Lo5Pswg1zML,Nicolas,Metherell
bstandering1g,zysuoL7g,Bernadene,Standering
hdesquesnes1h,VXWCLun9JPPq,Halsy,Desquesnes
gtibbles1i,VxyyBbZaMOW,Georgie,Tibbles
jzarb1j,71xBbiQ,Jarrod,Zarb
ddevonald1k,GaSpPNu0Ws0F,Doll,Devonald
skenlin1l,F2l6rjYMM,Sander,Kenlin
pattock1m,iJp6CD,Philomena,Attock
rtatton1n,dVzfBZ93,Roanna,Tatton
bmoquin1o,iTzxbXZ1nhHj,Borden,Moquin
kpurry1p,KagnHZkFl,Krystal,Purry
epeatman1q,exLQRRZrwTpD,Emalia,Peatman
jlimpkin1r,160A8N2WhRW,Jeane,Limpkin
cbutterfill1s,TrJOZQVCXO,Cherish,Butterfill
bloren1t,EfR9LzqZmKU,Blake,Loren
mtheobald1u,Z5zfxgp,Maureene,Theobald
aaylesbury1v,1nHjnl,Astrix,Aylesbury
yeuels1w,1d8EWK1,Yuri,Euels
aeyer1x,yxKGRc,Anny,Eyer
cocahey1y,0Ej6wA,Car,O'Cahey
rgallehawk1z,6nXzauV0D7P,Rubetta,Gallehawk
slotterington20,RYZJo7oG,Sandro,Lotterington
amettetal21,ZEI0GSS,Art,Mettetal
esnookes22,rck5dMT,Elsy,Snookes
bchancelier23,8UhVHiRCr,Bess,Chancelier
sjunifer24,fJF1YWl6u,Sidoney,Junifer
mcolliford25,xdXXJjkzF,Marylin,Colliford
cdurston26,mcPzjZA,Cherish,Durston
bsenter27,xT1txpa3,Bink,Senter
gdemead28,E7a3hypTg,George,Demead
cgilliver29,ZiitFjvhTNv,Clay,Gilliver
jregi2a,pn40T2ENz,Jenna,Regi
lriggeard2b,VvL2uND,Lanita,Riggeard
bnickoll2c,9WBDd2,Bertine,Nickoll
lnutley2d,LGptil,Liane,Nutley
iokie2e,EcHr0Ss,Ikey,Okie
gshropshire2f,9Mtx7kwu1,Gail,Shropshire
xcogar2g,Hn1NYni,Xever,Cogar
slonsdale2h,ZEoY4JP,Shaw,Lonsdale
rolding2i,hyEMzbxVPI,Rosalia,Olding
cmongin2j,XK6Q1kfr1V6,Codee,Mongin
cmcgowing2k,NlPdtZ,Claus,McGowing
jizhakov2l,UW48UpqG,Jackquelin,Izhakov
qsalmond2m,4uqymo,Quent,Salmond
lryman2n,bdDbGNGI,Lorinda,Ryman
jrichardeau2o,UHw2dTd812sg,Jonah,Richardeau
jmelluish2p,HYgA3MGm,Jennie,Melluish
rharesign2q,vBaSugoBsX,Rayna,Haresign
bkleinsmuntz2r,nmUogy,Berta,Kleinsmuntz
